{
  "$schema": "https://developer.microsoft.com/json-schemas/spfx-build/package-solution.schema.json",
  "solution": {
    "name": "landing-page-client-side-solution",
    "id": "6c9bb2b3-708e-457a-a85e-150f27198722",
    "version": "1.0.0.0",
    "includeClientSideAssets": true,
    "skipFeatureDeployment": true,
    "isDomainIsolated": false,
    "developer": {
      "name": "",
      "websiteUrl": "",
      "privacyUrl": "",
      "termsOfUseUrl": "",
      "mpnId": "Undefined-1.19.0"
    },
    "metadata": {
      "shortDescription": {
        "default": "landing-page description"
      },
      "longDescription": {
        "default": "landing-page description"
      },
      "screenshotPaths": [],
      "videoUrl": "",
      "categories": []
    },
    "features": [
      {
        "title": "landing-page Feature",
        "description": "The feature that activates elements of the landing-page solution.",
        "id": "281f1c52-512d-4afa-9665-b9157b406b64",
        "version": "1.0.0.0"
      }
    ]
  },
  "paths": {
    "zippedPackage": "solution/landing-page.sppkg"
  }
}
