{
  "@microsoft/generator-sharepoint": {
    "plusBeta": false,
    "isCreatingSolution": true,
    "nodeVersion": "18.20.7",
    "sdksVersions": {
      "@microsoft/microsoft-graph-client": "3.0.2",
      "@microsoft/teams-js": "2.12.0"
    },
    "version": "1.19.0",
    "libraryName": "landing-page",
    "libraryId": "6c9bb2b3-708e-457a-a85e-150f27198722",
    "environment": "spo",
    "packageManager": "npm",
    "solutionName": "landing-page",
    "solutionShortDescription": "landing-page description",
    "skipFeatureDeployment": true,
    "isDomainIsolated": false,
    "componentType": "webpart"
  }
}
